"gene_id","baseMean_T24h","baseMean_T12h","baseMean","log2FoldChange","lfcSE","stat","pvalue","padj"
"Mper.PacBio.PsGc_0.g1033",0,0,2.71070224622794,0,1.6959551136344,0,1,1
"Mper.PacBio.PsGc_0.g1121",26.329899919355,13.4070742546691,23.6685191962463,0.960750439494,0.311548851367814,3.08378745508434,0.00204383555372907,0.0459466327596229
"Mper.PacBio.PsGc_0.g1150",1.59571157439196,3.36903602730784,4.8758745610528,-0.875056926008834,1.04010946934415,-0.84131233471089,0.400172982319135,0.854593283618144
"Mper.PacBio.PsGc_0.g119",6.35429281589264,8.64524021509343,5.84021562470078,-0.523198955048188,0.853183169294585,-0.613231687963056,0.539723154987356,0.927886521523596
"Mper.PacBio.PsGc_0.g1570",13.5201847318707,11.4218674154959,5.58289696405329,0.293314444977575,1.08371776873345,0.270655749531885,0.786655813577384,1
"Mper.PacBio.PsGc_0.g1613",10.7265861104655,6.86743520745213,3.00588976087609,0.611036120288587,0.648259740587013,0.942579157754391,0.345896204687923,0.854593283618144
"Mper.PacBio.PsGc_0.g1646",3.45812548855339,4.54476403209536,3.20595748057947,-0.217881402346117,0.706770008524641,-0.308277657113573,0.757871065742793,1
"Mper.PacBio.PsGc_0.g1696",0,0.393304865569053,2.77496679488875,-0.5741045876985,1.5194476783242,-0.377837681342,0.705551179439993,1
"Mper.PacBio.PsGc_0.g1785",0,0,3.52086671701951,0,1.68304681942501,0,1,1
"Mper.PacBio.PsGc_0.g1821",0.488054938366401,0,4.25609832964489,1.62932579078452,1.55053265840092,1.0508168157289,0.293342731094207,0.854593283618144
"Mper.PacBio.PsGc_0.g1865",0,0,2.3120092712456,0,1.74146799122931,0,1,1
"Mper.PacBio.PsGc_0.g1945",9.12853280869805,7.63625453076391,3.23069596939114,0.239575548132304,0.66035859741891,0.362796136930319,0.716757177844305,1
"Mper.PacBio.PsGc_0.g2156",0.406104177169756,0.128578728931492,3.70212838434116,1.05188224540571,1.52963819372543,0.687667351482549,0.4916622842492,0.909804245402588
"Mper.PacBio.PsGc_0.g2166",0.244564785966736,0,2.75282163298518,1.63219964272066,1.74414361715983,0.935817226667688,0.349367300407939,0.854593283618144
"Mper.PacBio.PsGc_0.g2190",0,0.341963710483257,4.6612764751267,-0.10929683256888,1.52616915013323,-0.071615149971639,0.942908183100145,1
"Mper.PacBio.PsGc_0.g2212",4.29141716694332,6.20241265917698,5.81495386787934,-0.418913818433709,0.561693424270221,-0.745805096397527,0.455785160881074,0.903485144494832
"Mper.PacBio.PsGc_0.g2246",3.15054399830628,6.07068254522636,5.60613649786115,-0.878258031577968,0.626144090271807,-1.40264524607542,0.160722652366905,0.726382896411468
"Mper.PacBio.PsGc_0.g2303",0,0.232134958825864,7.29059501452459,0.469918954006727,1.55908543142881,0.301406802048091,0.763104308064741,1
"Mper.PacBio.PsGc_0.g2309",2.17443412157348,4.23885992158522,7.99153827964995,-0.585800686434342,0.703766836933485,-0.83237892962795,0.405195091370672,0.854593283618144
"Mper.PacBio.PsGc_0.g2341",6.46840587994844,3.66275728090814,5.63954640702372,0.794043191055906,0.62950393068183,1.26137924221674,0.207172243437147,0.769393316250471
"Mper.PacBio.PsGc_0.g2444",114.489197806544,102.181367096856,101.086757237988,0.161132297646535,0.18174119839627,0.886603032600241,0.375292660579779,0.854593283618144
"Mper.PacBio.PsGc_0.g2460",2.3902733694384,1.34255430317066,3.1717672986952,0.9251098597221,0.909043922176987,1.01767344476232,0.308833171187637,0.854593283618144
"Mper.PacBio.PsGc_0.g261",1.64550003272944,4.72929809424792,3.4030507918673,-1.6564427387368,0.877261841808673,-1.88819649937317,0.0589995756110854,0.445768214676531
"Mper.PacBio.PsGc_0.g2651",1.65657901153819,3.21474942352388,8.30593863162733,-0.887621750761598,0.991870833424967,-0.894896513587971,0.370842410647075,0.854593283618144
"Mper.PacBio.PsGc_0.g2716",19.8231898841753,6.54443325982148,4.25592787923759,1.54538098550042,0.749560956182608,2.06171489156905,0.0392348879596104,0.359308973945906
"Mper.PacBio.PsGc_0.g316",125.553790057572,78.1555873029975,121.436625976065,0.663984109862481,0.19765612497185,3.35928932107236,0.000781432091315878,0.0259690355944506
"Mper.PacBio.PsGc_0.g549",10.7184862947719,6.29927113847403,4.18259262989614,0.834699106466421,1.00132609652522,0.83359368078289,0.404509987775776,0.854593283618144
"Mper.PacBio.PsGc_0.g633",9.84350597373811,9.54082984648033,10.93045632858,-0.00639083657198379,0.437211432437434,-0.0146172677515662,0.988337523050966,1
"Mper.PacBio.PsGc_0.g647",2.13462960466291,3.3668037114854,4.07489891419505,-0.626389911895082,0.761949624492594,-0.822088353035432,0.411026613712099,0.858757170999084
"Mper.PacBio.PsGc_0.g651",8.94827222463489,7.09294080682565,10.3313545040678,0.299121275959701,0.436456155137703,0.685340949918161,0.493128796897868,0.909804245402588
"Mper.PacBio.PsGc_0.g659",2.09248336037684,5.67418729722114,4.95793683062095,-1.14819497444766,0.704974994150161,-1.62870312277076,0.103375881376736,0.599580111985071
"Mper.PacBio.PsGc_0.g708",10.5339590499704,10.6003714588607,7.03896441640586,-0.0337987888718807,0.757244706167347,-0.0446339057858153,0.964399116671641,1
"Mper.PacBio.PsGc_0.g755",57.3464550680704,83.1849174703217,54.9506574118639,-0.551780073373491,0.249009100008729,-2.2159032475285,0.026698129087172,0.295011996793967
"Mper.PacBio.PsGc_0.g780",0.172618370011764,0.136147407706069,2.46199735225844,1.04133870786299,1.61429866563707,0.645071900280634,0.518880592578572,0.918578989634204
"Mper.PacBio.PsGc_0.g784",1.49503962033517,1.93179033002894,3.20631392504948,-0.125375463701675,0.896692358858598,-0.139819930952981,0.888802265361754,1
"Mper.PacBio.PsGc_0.g795",8.04195949672291,6.6357878855145,9.12504360000245,0.148402757781516,0.524121739083421,0.283145587590091,0.777065236959195,1
"Mper.PacBio.PsGc_0.g812",1.49503962033517,0.603161374286822,2.60842535531357,1.45090492084721,1.18353194466921,1.22591107691032,0.220232139926588,0.774149340348008
"Mper.PacBio.PsGc_0.g817",13.285848624917,15.97080896656,18.8213870247633,-0.232675076055121,0.344475418040487,-0.675447546819652,0.499391466021267,0.914674895660006
"Mper.PacBio.PsGc_0.g818",0.488054938366401,0.250100512194993,2.71168094514291,0.490497590007303,1.66277072775042,0.294988107392834,0.768002964617674,1
"Mper.PacBio.PsGc_0.g831",0.76241989600203,1.69553101837154,2.67854818611413,-0.661300717983199,1.12981951800645,-0.585315360058619,0.558335688641575,0.934847671896663
"Mper.PacBio.PsGc_0.g981",0.660673308378165,0.35718521492336,2.78896560743308,1.00695076537728,1.51985101869203,0.662532546278027,0.507629983706501,0.91531209497338
"Mper.PacBio.PsGc_1.g1157",0.489129571933473,0.470542439414748,3.97475990611537,0.53465221386428,1.49478081064515,0.357679340045531,0.720583295869525,1
"Mper.PacBio.PsGc_1.g1181",46.9174256987956,56.1060688692762,78.8173409441362,-0.283076877307851,0.214125695742993,-1.3220126446086,0.186163940383812,0.744655761535248
"Mper.PacBio.PsGc_1.g1184",3.94274366216245,6.76011997185377,7.58301640968667,-0.723686496328303,0.674944461247303,-1.07221636427822,0.28362286193476,0.854593283618144
"Mper.PacBio.PsGc_1.g1276",0,0,6.5291683883389,0,1.53920784597753,0,1,1
"Mper.PacBio.PsGc_1.g1297",0,0,32.6423478148165,0,1.55481481134271,0,1,1
"Mper.PacBio.PsGc_1.g1709",0,0,12.4616116599702,0,1.47386696006051,0,1,1
"Mper.PacBio.PsGc_1.g1729",428.201957878513,787.41850917934,525.477794443924,-0.880088190118238,0.263053431674409,-3.34566321570575,0.000820860320514242,0.0259690355944506
"Mper.PacBio.PsGc_1.g1757",4.29034253337625,4.21568880446284,5.68621638383989,0.0810602725566799,0.611820006841058,0.132490392027566,0.894596422083489,1
"Mper.PacBio.PsGc_1.g1841",2.42007354110729,7.51934858331298,4.14452495477957,-1.32854196176698,0.714747638752074,-1.85875669919886,0.0630616326402191,0.456808893847502
"Mper.PacBio.PsGc_1.g1872",53.6222557413876,58.1638834660487,50.9158260181692,-0.138380943064753,0.207710596061517,-0.666219950684507,0.505270522645976,0.91531209497338
"Mper.PacBio.PsGc_1.g1873",1.49503962033517,1.56350796349701,3.22659115818568,0.156769057717145,0.908911088188008,0.172480080565062,0.863060120082897,1
"Mper.PacBio.PsGc_1.g1899",4.9375747317554,6.08201339021628,6.2154345715956,-0.328682142597214,0.560135041384711,-0.586790895610956,0.557344152158941,0.934847671896663
"Mper.PacBio.PsGc_1.g1910",2.55181276064142,2.08256336217758,3.70349004137718,0.364995313037156,0.99413192658718,0.367149774869592,0.713507300884842,1
"Mper.PacBio.PsGc_1.g1926",12.289942921757,21.6939823532834,5.11042350834829,-0.797487167954141,0.648511400388916,-1.22971958160779,0.218802131471431,0.774149340348008
"Mper.PacBio.PsGc_1.g1949",0.244564785966736,0.603161374286822,3.29507157152397,-0.429723792460907,1.41636617811358,-0.303398795524223,0.761585963476171,1
"Mper.PacBio.PsGc_1.g1967",0.172618370011764,1.0778281665331,4.34128335020108,-1.24873293027948,1.32643936107965,-0.941417276145272,0.34649106366696,0.854593283618144
"Mper.PacBio.PsGc_1.g2041",2.76550274137219,2.18533516816698,5.28573402456268,0.108486381167329,0.831095808970812,0.130534145397356,0.896143841119478,1
"Mper.PacBio.PsGc_1.g2085",2.07376216751669,1.85799708212629,4.34062438471096,0.301295434587637,0.867562242986214,0.347289704022337,0.728373685009323,1
"Mper.PacBio.PsGc_1.g2226",29.8680920433717,17.6715252985593,25.5273201737571,0.71162718612569,0.313501184291734,2.26993460242712,0.0232115512653475,0.271936156220022
"Mper.PacBio.PsGc_1.g2234",0,0.125050256097496,5.87065804814143,0.469918939659754,1.5785463648135,0.297690932705214,0.765939064503767,1
"Mper.PacBio.PsGc_1.g226",0.57872254718152,1.08214106327207,5.53808077520276,-0.583498399695413,1.28001413495651,-0.455853090806094,0.648495623679205,1
"Mper.PacBio.PsGc_1.g2280",4.72732151578197,2.21499375314222,2.8666637523743,1.17162201357409,0.864378238471176,1.35545061343323,0.17527403325728,0.744655761535248
"Mper.PacBio.PsGc_1.g229",1.47288166271768,0.128578728931492,24.458079108353,2.60684498219323,1.49008435849428,1.74946134246214,0.0802113054018503,0.503339959643674
"Mper.PacBio.PsGc_1.g2331",3.43618039499203,1.96034130190005,2.99895047410596,0.597825409632265,0.842565588921745,0.709529818797038,0.477995753877121,0.909804245402588
"Mper.PacBio.PsGc_1.g2361",5.86902458039999,18.4140064154009,9.10811384988968,-1.45721002916543,0.888963504555325,-1.6392236820727,0.101166683452552,0.596711963415054
"Mper.PacBio.PsGc_1.g2439",3.20140709021084,0.386247919901062,2.63972762871679,2.79761683403484,1.26607462276233,2.20967767913315,0.0271275399350775,0.295011996793967
"Mper.PacBio.PsGc_1.g2784",4.09900297050434,5.39910627495159,5.26356096945633,-0.493453200978446,0.604815740155227,-0.815873609459635,0.414572427378868,0.858757170999084
"Mper.PacBio.PsGc_1.g2858",6.04993522634674,12.8254996336523,2.99026878957816,-1.11067386311273,0.981756723444777,-1.13131271382141,0.257923495018936,0.831086817283239
"Mper.PacBio.PsGc_1.g2860",0,0,11.9480448328676,0,1.46249654857772,0,1,1
"Mper.PacBio.PsGc_1.g2869",9.30351330990009,7.23210495425913,12.6393060908197,0.349075992240762,0.496723876208927,0.70275661984474,0.482207435738895,0.909804245402588
"Mper.PacBio.PsGc_1.g287",1.72745079392609,2.86177805724986,6.83184430622903,-0.873243661539384,0.810574684598714,-1.07731425386384,0.281339896498349,0.854593283618144
"Mper.PacBio.PsGc_1.g2915",3.06095102305824,2.91656353827871,3.28514957740234,0.134739989808329,0.711515382972634,0.189370452182496,0.849802481191163,1
"Mper.PacBio.PsGc_1.g2950",10.03484553661,17.1586763364608,9.42881039273492,-0.773967040737318,0.578984520235534,-1.33676637921591,0.181298906825855,0.744655761535248
"Mper.PacBio.PsGc_1.g2993",0.244564785966736,0,14.0139078628347,1.6301078527932,1.59767346604784,1.02030101108558,0.307585723968473,0.854593283618144
"Mper.PacBio.PsGc_1.g3002",1.90114379750492,3.51491684159596,4.80821883345929,-0.699928148833278,0.776828512825177,-0.901007284462014,0.367584446613459,0.854593283618144
"Mper.PacBio.PsGc_1.g3018",4.16751262170197,1.65546065760308,2.37111636177706,1.37470562501202,1.09188355275805,1.25902219292486,0.208022315966848,0.769393316250471
"Mper.PacBio.PsGc_1.g3056",0,0.750490080492412,14.5163544634799,-1.32963335429843,1.29580657138587,-1.02610480889627,0.304842183813127,0.854593283618144
"Mper.PacBio.PsGc_1.g3136",0.812208354339512,0.50372949722398,2.93860210696048,0.281254563247755,1.42448795108784,0.197442570878166,0.843481218493347,1
"Mper.PacBio.PsGc_1.g3244",8.57175535507789,11.4123300387464,12.5263097046794,-0.341061192945238,0.467011485664292,-0.730305792072976,0.465203288587173,0.903485144494832
"Mper.PacBio.PsGc_1.g3293",0.172618370011764,0,2.87724959618006,1.61792718980835,1.66405737445018,0.972278489101331,0.330912022256592,0.854593283618144
"Mper.PacBio.PsGc_1.g3332",0,0.635836698989467,2.5504877214646,-1.21071166186064,1.51818439273063,-0.79747339496952,0.425176148324043,0.867316200925207
"Mper.PacBio.PsGc_1.g3370",0,0,20.1733256336408,0,1.4302257964548,0,1,1
"Mper.PacBio.PsGc_1.g3384",0,0,4.09815690854346,0,1.66448391219296,0,1,1
"Mper.PacBio.PsGc_1.g364",0,0,3.205043317852,0,1.66038603797817,0,1,1
"Mper.PacBio.PsGc_1.g381",8.5263852100906,13.7012580768434,10.2789466405854,-0.67514905056814,0.513930465971898,-1.31369727087761,0.18894809974698,0.747203848999421
"Mper.PacBio.PsGc_1.g420",186.127023983644,289.448948021497,208.101344488584,-0.639581400983051,0.305476971292527,-2.0937139656612,0.0362854681034099,0.344302345722147
"Mper.PacBio.PsGc_1.g421",208.54940332207,442.298807993484,274.146521286571,-1.08370633028196,0.273923665287688,-3.95623477491001,7.61403350773423e-05,0.0029440929563239
"Mper.PacBio.PsGc_1.g428",7.67437233884052,19.6203223122136,11.8677313255084,-1.32365229293699,0.455429228251998,-2.90638415548637,0.0036563225719491,0.0706889030576825
"Mper.PacBio.PsGc_1.g429",76.7467241117639,148.347577204445,115.195809767719,-0.953193285719143,0.490383916159258,-1.94376947185515,0.0519232567061759,0.42021612404068
"Mper.PacBio.PsGc_1.g490",1.72852542749316,2.85824958441587,2.63418926672195,-0.643524391987552,0.829048964762232,-0.776220005500052,0.437619095880946,0.885415380038193
"Mper.PacBio.PsGc_1.g521",11.2442283564447,4.27038328683983,2.77605826232356,1.39724338714721,0.800745139743065,1.7449289640341,0.0809972348851889,0.503339959643674
"Mper.PacBio.PsGc_1.g549",489.462248923689,580.936639190845,508.997389604353,-0.248616396425076,0.118948280791904,-2.09012181403463,0.036606858596895,0.344302345722147
"Mper.PacBio.PsGc_1.g559",30.5771146598523,25.2002233630011,33.49848858827,0.330453784361348,0.281623345557329,1.17338917236206,0.240639777266311,0.818034551141742
"Mper.PacBio.PsGc_1.g570",0.650668963136493,2.24469133553449,3.39102098071603,-1.65087427686761,1.23096683801911,-1.34112002523498,0.179881486590904,0.744655761535248
"Mper.PacBio.PsGc_1.g618",55.4980699579186,42.0643265046795,15.8304655990793,0.391738520882577,0.454203841501254,0.862472936353391,0.388427319644638,0.854593283618144
"Mper.PacBio.PsGc_1.g677",7.6469342983619,9.5013912026151,6.27989716935601,-0.343073536913444,0.560025013321279,-0.612603952953486,0.540138243851561,0.927886521523596
"Mper.PacBio.PsGc_1.g790",104.922954338298,138.611487272013,104.671951227261,-0.39872334851154,0.167394105362617,-2.38194378259501,0.017221526284756,0.2219663387813
"Mper.PacBio.PsGc_1.g859",0,0.272294815412139,2.66447435250024,-0.117968309785418,1.66613061855417,-0.0708037584038808,0.943553940560802,1
"Mper.PacBio.PsGc_1.g950",0,0,2.74030467399376,0,1.64817802354476,0,1,1
"Mper.PacBio.PsGc_1.g965",4.6090030024321,7.29137697473569,3.51205885326858,-0.52695793295036,0.756760561809603,-0.696333767301869,0.486219830944164,0.909804245402588
"Mper.PacBio.PsGc_1.g989",3.03986769900782,3.6604189103919,4.21583254953289,-0.305067931915965,0.727033940309548,-0.419606176550818,0.674773175495019,1
"Mper.PacBio.PsGc_10.g1023",1.71852108225149,0.787121464244692,3.11192414643518,1.05544665502317,1.20539755622917,0.875600460253886,0.381247275111672,0.854593283618144
"Mper.PacBio.PsGc_10.g1087",0.417183155978501,3.03551491532194,3.46985351813622,-2.17823369165388,1.24591420585274,-1.74830151339596,0.0804118313297828,0.503339959643674
"Mper.PacBio.PsGc_10.g1143",0.406104177169756,0,5.30844025561214,1.62954163067668,1.56319208639233,1.0424449079943,0.297205455076045,0.854593283618144
"Mper.PacBio.PsGc_10.g1150",1.06785211911499,1.6255240329026,5.8641495306438,-0.427762372968555,1.14803866570817,-0.372602757856321,0.709444119952835,1
"Mper.PacBio.PsGc_10.g1153",1.14872824674457,3.21103240678245,2.90356585545228,-1.80757076473601,1.01348240798131,-1.78352455898705,0.0745009538434351,0.503339959643674
"Mper.PacBio.PsGc_10.g1209",1.14980288031164,1.63662118451117,3.11703464460018,-0.424414479289187,1.20024650266304,-0.353606095370843,0.723634105693312,1
"Mper.PacBio.PsGc_10.g1232",1.71744644868441,2.01530042563765,2.53820449055624,-0.344732433642855,0.963627244854919,-0.357744590020135,0.720534460473456,1
"Mper.PacBio.PsGc_10.g1239",2.7455144547036,1.96034130190005,2.65800297060109,0.622916315192757,0.815013088826771,0.764302222544006,0.444687161223915,0.892362224766047
"Mper.PacBio.PsGc_10.g1266",144.982826826184,140.764425836264,112.187715864936,0.0345089673071529,0.174348844807416,0.197930576169123,0.84309938108131,1
"Mper.PacBio.PsGc_10.g1339",1.9111481427466,3.77756239731699,2.79648960565537,-0.927466465007931,0.972725192335317,-0.953472236882517,0.340350856396793,0.854593283618144
"Mper.PacBio.PsGc_10.g1418",2.93704647781688,2.07810091894822,3.555824211264,0.308947331865088,0.882229249441522,0.350189400386193,0.726196561027549,1
"Mper.PacBio.PsGc_10.g1420",0,0,26.8288215256357,0,1.61965794412531,0,1,1
"Mper.PacBio.PsGc_10.g368",0,0,6.7212969181719,0,1.46390188875507,0,1,1
"Mper.PacBio.PsGc_10.g545",90.322752405221,92.4089819878975,77.895558108196,-0.0315503625071993,0.176645288149272,-0.178608571096094,0.858245063954313,1
"Mper.PacBio.PsGc_10.g564",4.27054670694903,3.05692479463412,7.24533008134801,0.429425426129761,0.620209400473306,0.692387806121691,0.488693821434457,0.909804245402588
"Mper.PacBio.PsGc_10.g659",2.85617035018731,1.83459076878853,3.38580294211992,0.479987214396273,0.959117192783826,0.50044688804203,0.616760445046032,0.976014767936699
"Mper.PacBio.PsGc_10.g662",1.17960305198053,2.41236745742204,2.70421842284714,-0.676932437919254,0.923637882261199,-0.732898088006119,0.463620589359148,0.903485144494832
"Mper.PacBio.PsGc_10.g728",36.3236534414312,33.1268021593117,33.4292723325167,0.125460376523036,0.244609309882913,0.512901068986663,0.608020525635766,0.976014767936699
"Mper.PacBio.PsGc_10.g747",283.621168698482,255.92480435034,315.594709084941,0.134824933448123,0.149762032815517,0.900261106993694,0.367981313581256,0.854593283618144
"Mper.PacBio.PsGc_10.g750",123.977448581495,104.026140577959,127.458789968789,0.237727240094033,0.191499020398341,1.24140185991308,0.214457332403149,0.769393316250471
"Mper.PacBio.PsGc_10.g751",666.964464322954,473.807159490656,617.312344233413,0.490728394881429,0.154404413255972,3.17820186957933,0.00148191533399047,0.0368361811591917
"Mper.PacBio.PsGc_10.g810",2.37811975706258,1.83941539863409,2.5011762420159,0.26431401438053,0.908908199988849,0.29080386158225,0.771201331808621,1
"Mper.PacBio.PsGc_10.g841",7.06584961999011,14.5672754585616,12.4077444775712,-1.10483777657952,0.524818869446189,-2.10517921687037,0.0352757106632086,0.344302345722147
"Mper.PacBio.PsGc_10.g869",0.417183155978501,0.232134958825864,4.02419764473312,1.56692378019518,1.56942100864281,0.998408821830547,0.318081157564745,0.854593283618144
"Mper.PacBio.PsGc_10.g881",3.13053530782294,6.37813894467046,10.6050907234564,-0.985686815495313,0.744650950468474,-1.32368972989989,0.185606110681166,0.744655761535248
"Mper.PacBio.PsGc_10.g883",1.07785646435667,0.699148925406617,2.53602522418405,0.829524041168368,1.32780058794656,0.624735407333435,0.532144730426574,0.925931830942239
"Mper.PacBio.PsGc_10.g890",7.51517467501302,2.42452707266083,2.37672626922428,1.61506842585787,0.810435177114507,1.99284097169646,0.0462788637008172,0.383453442092485
"Mper.PacBio.PsGc_10.g935",1.55590705748139,1.00059059268741,2.32496196147455,0.586108032257409,1.32834030302061,0.441233342784687,0.659044076991675,1
"Mper.PacBio.PsGc_2.g1002",1.95093225584241,0.261197663803566,5.07853237819418,2.41974268227024,1.37260008906457,1.76288978963953,0.077919079448752,0.503339959643674
"Mper.PacBio.PsGc_2.g1007",13.1742901522928,9.56579229484487,7.24951115824397,0.437892117320085,0.654093191233855,0.669464417591724,0.503199271447699,0.91531209497338
"Mper.PacBio.PsGc_2.g1038",4.2716213405161,3.1939407731361,5.30794795066101,0.49464094670697,0.621608662485871,0.79574332945885,0.426181236661524,0.867316200925207
"Mper.PacBio.PsGc_2.g1050",0.489129571933473,1.19248154803605,2.67805723348009,-0.734056751592728,1.21156067131359,-0.605877005562465,0.544596429773671,0.929017439025674
"Mper.PacBio.PsGc_2.g1066",38.7828621901795,39.8805989420358,33.691946169886,-0.0735320074237462,0.277386699030419,-0.265088440364195,0.790941332138038,1
"Mper.PacBio.PsGc_2.g1074",1.89113945226325,2.3729973736676,3.12610700577751,-0.185286918916443,0.899008359591088,-0.206101441593625,0.836711672717581,1
"Mper.PacBio.PsGc_2.g1081",5.34477394630698,10.895905951506,9.76528712787012,-0.791760851058349,0.491975558432791,-1.60934997173546,0.107539837934492,0.607825856590036
"Mper.PacBio.PsGc_2.g1124",2950.89379786124,2932.55286877126,3831.39400667262,0.00872012361624249,0.138438771901785,0.0629890275422912,0.949775241723691,1
"Mper.PacBio.PsGc_2.g1125",3.97275669788747,5.30222691136482,4.40532032552074,-0.409445152946063,0.716536370121464,-0.571422707931289,0.567713139871911,0.945283122848923
"Mper.PacBio.PsGc_2.g1203",108.250421531177,121.329956181755,93.8961681465937,-0.17611633266645,0.188637238246448,-0.933624422747112,0.350497662668502,0.854593283618144
"Mper.PacBio.PsGc_2.g1250",10.4631076713973,10.5261537852537,8.6080193010034,0.0322710983615274,0.446447289322568,0.0722842295906759,0.942375714826963,1
"Mper.PacBio.PsGc_2.g1384",2.85617035018731,2.03122220709178,3.69836370574,0.435334042637033,0.859533797280873,0.506476934373271,0.612521877952571,0.976014767936699
"Mper.PacBio.PsGc_2.g1417",0.172618370011764,0.128578728931492,2.75986001000817,1.04116394381932,1.63148920655748,0.63816784054381,0.523364429143645,0.918578989634204
"Mper.PacBio.PsGc_2.g1442",4.75516488055809,6.77667261566383,2.35751347883889,-0.611292078699686,0.930819942577561,-0.656724303743363,0.511358204270172,0.917281727247526
"Mper.PacBio.PsGc_2.g1468",5.57188463322201,5.57828073248095,3.19179654145623,-0.042657908162139,0.891159696291476,-0.0478678606535485,0.961821553498888,1
"Mper.PacBio.PsGc_2.g1505",2.36811541182091,4.95214063107201,2.42395042263006,-1.12385092193615,1.10908808794181,-1.01331078582021,0.310911737274349,0.854593283618144
"Mper.PacBio.PsGc_2.g1559",1.3224212503234,2.04110734857974,4.70180260432153,-0.460182632116518,0.920223471060566,-0.500077042792826,0.61702083030481,0.976014767936699
"Mper.PacBio.PsGc_2.g1590",5.92583822086402,5.39983599711084,3.52375663379848,0.170282029138306,0.771889096195341,0.220604268123012,0.825400577455045,1
"Mper.PacBio.PsGc_2.g1591",30.9270934222645,29.6068220207884,32.7040653892382,0.0521765007920738,0.579368154424048,0.0900575918673725,0.928241449014363,1
"Mper.PacBio.PsGc_2.g1725",0.661747941945237,0.257157457862983,89.5249252767844,1.43037013085232,1.44586712309601,0.989281869684882,0.322525252034949,0.854593283618144
"Mper.PacBio.PsGc_2.g1840",0,0,27.3976776837037,0,1.58426104237059,0,1,1
"Mper.PacBio.PsGc_2.g1904",0,0,2.5390532615692,0,1.71143989817173,0,1,1
"Mper.PacBio.PsGc_2.g1918",0,0,2.78878277321627,0,1.69740945797426,0,1,1
"Mper.PacBio.PsGc_2.g304",4.2173214838542,6.80610066776906,4.06436367105747,-0.713867345614926,0.603398633379657,-1.18307749823119,0.23677843480249,0.815830646646204
"Mper.PacBio.PsGc_2.g362",0,0,3.05093284057559,0,1.71408577512603,0,1,1
"Mper.PacBio.PsGc_2.g517",0.823287333148257,0,12.4740963441931,2.63608287020244,1.37023040236245,1.92382453757959,0.054376580649581,0.43006931968305
"Mper.PacBio.PsGc_2.g521",0,0,9.74554879954487,0,1.47908157810121,0,1,1
"Mper.PacBio.PsGc_2.g59",2.08484114632543,1.84215944756311,2.51047146499051,0.311188698712484,1.03494478524145,0.300681450015601,0.763657415325096,1
"Mper.PacBio.PsGc_2.g669",0.894159115536157,1.79908724826592,7.89292671317372,-1.34436254045153,1.20305728044389,-1.11745513892365,0.263799770630148,0.834566547084469
"Mper.PacBio.PsGc_2.g691",5.22664789319848,15.5943521979496,4.02774119303576,-1.651796316838,0.662237654867436,-2.49426517005991,0.0126218212837103,0.199654263942326
"Mper.PacBio.PsGc_2.g713",1.56698603629014,6.17914974027275,2.28787618036076,-1.82286623409853,0.963892985087835,-1.89115001592466,0.0586043215059518,0.445768214676531
"Mper.PacBio.PsGc_2.g714",10.811454823333,3.60882381179923,5.4172387312161,1.54529571339516,0.594534817242222,2.59916773346107,0.00934500982611687,0.162603170974433
"Mper.PacBio.PsGc_2.g725",22.8871519438786,23.6568742712786,19.483765326398,-0.0356925368406913,0.342889951583548,-0.104093271546321,0.917095330380284,1
"Mper.PacBio.PsGc_2.g735",0.660673308378166,1.01609013685275,6.20183339253879,-0.430336039924881,1.38445540427584,-0.310834165257909,0.755926695209693,1
"Mper.PacBio.PsGc_2.g815",3.85336355097053,3.45917864288025,5.30505574562782,0.0679537653130511,0.709201787412127,0.0958172504908849,0.923665716487228,1
"Mper.PacBio.PsGc_2.g816",9.89095270470008,12.9624431352129,12.1199859368948,-0.369208139412277,0.405970233876853,-0.909446330304779,0.363114575495427,0.854593283618144
"Mper.PacBio.PsGc_2.g889",17.060718583263,15.0721171146865,19.8969969114476,0.289234893172904,0.335526538858667,0.8620328339951,0.388669449931956,0.854593283618144
"Mper.PacBio.PsGc_2.g893",3.45597622141925,5.33005351000355,4.80919059108341,-0.707715147385192,0.67531710487104,-1.0479745622915,0.294650326950331,0.854593283618144
"Mper.PacBio.PsGc_2.g940",1.07785646435667,5.04734691879818,4.48883801146429,-2.11517732864792,0.893666077336454,-2.36685422249901,0.0179399975657425,0.222968541174228
"Mper.PacBio.PsGc_2.g973",5.43250319963648,10.7365461232965,12.4051682914304,-0.87091437301247,0.470777313417926,-1.84994974946749,0.0643207925245046,0.456808893847502
"Mper.PacBio.PsGc_2.g978",8.70027067391081,3.75166597855709,3.64605651713914,1.1652885322874,0.928251530784871,1.25535858939237,0.20934861498067,0.769393316250471
"Mper.PacBio.PsGc_3.g1016",13.7245204292434,18.3096777746806,13.9648085347464,-0.485075169664254,0.406993698884071,-1.19184933573732,0.233320326919242,0.811954737678961
"Mper.PacBio.PsGc_3.g1128",2975.24475992576,3141.43928006992,3729.80841334574,-0.0787478410559737,0.134684211646628,-0.584685020561914,0.558759528030189,0.934847671896663
"Mper.PacBio.PsGc_3.g1129",7.68203495670668,9.52752281759038,8.52667182144406,-0.211571122134117,0.514561189653089,-0.411168052290838,0.680949312555602,1
"Mper.PacBio.PsGc_3.g1137",2.22765934466831,1.97161209621738,2.39156152774334,0.264293822608615,1.05249563461638,0.251111561811794,0.801727857213967,1
"Mper.PacBio.PsGc_3.g1144",0,0,3.24131672657246,0,1.61379561018899,0,1,1
"Mper.PacBio.PsGc_3.g1164",2.89597486709787,4.60641791488476,4.45253328590922,-0.608774933231535,0.655796407980484,-0.928298669866535,0.353252663865481,0.854593283618144
"Mper.PacBio.PsGc_3.g1169",2.81402410590123,1.0964098500253,4.08165806841238,1.4051536640038,1.05465581208621,1.33233387414257,0.182750500690826,0.744655761535248
"Mper.PacBio.PsGc_3.g1224",0,0,2.62184038384491,0,1.62271174075885,0,1,1
"Mper.PacBio.PsGc_3.g1237",2.83725669708579,5.99344497138067,4.79950589663664,-0.725894723911087,0.633898639807815,-1.14512743572247,0.252156371941391,0.824968140356378
"Mper.PacBio.PsGc_3.g1250",50.1494424528415,78.5847687618454,58.9181743726394,-0.647949734885729,0.227200919890745,-2.85187989202381,0.00434615190466309,0.0796032033064608
"Mper.PacBio.PsGc_3.g1299",6.40646380923514,6.07220923510791,2.4539145730021,0.0198127142998105,0.874906416292092,0.0226455240593366,0.98193303017815,1
"Mper.PacBio.PsGc_3.g1357",62.4978332693456,57.2696227662957,80.836154283965,0.135187905872511,0.240904195759518,0.56116874779326,0.57468250567775,0.94781759230264
"Mper.PacBio.PsGc_3.g1362",0.406104177169756,0.518355121666549,3.14702034899886,-0.350995435487556,1.46701619668827,-0.239258050647234,0.810905491558965,1
"Mper.PacBio.PsGc_3.g1463",4.01597757574062,3.53845998864095,4.03784931404133,0.115727309243983,0.799935142925565,0.144670865216321,0.884970743305043,1
"Mper.PacBio.PsGc_3.g1511",22.5806246833838,18.0342618225246,25.0689223647718,0.290615071895221,0.347765761878902,0.835663264621255,0.403344367008812,0.854593283618144
"Mper.PacBio.PsGc_3.g1528",1.56591140272307,1.75108067317982,2.5023519735396,-0.256084281582389,0.952283799728956,-0.268915927851841,0.787994379663832,1
"Mper.PacBio.PsGc_3.g1602",14.8295816662078,16.2408669717702,15.3615014038076,-0.135059351985062,0.452468826806832,-0.2984942696234,0.765325949072501,1
"Mper.PacBio.PsGc_3.g1692",4.8381902753218,2.75080269507131,5.93218905234016,0.55438006161316,0.608354770940767,0.91127757698992,0.36214913792183,0.854593283618144
"Mper.PacBio.PsGc_3.g1736",3.21248606901958,3.3442674717776,5.92758537883558,-0.0395041699035594,0.795761888676796,-0.0496432041615457,0.960406717114211,1
"Mper.PacBio.PsGc_3.g1740",0.732619724333138,0.518355121666549,2.56382998573347,0.250391311533485,1.45567519166467,0.172010427166204,0.863429331489687,1
"Mper.PacBio.PsGc_3.g1864",8.38807841007214,14.7365047239304,10.0511375924811,-0.644001929080091,0.41085405034563,-1.56747129190603,0.117004571410382,0.615365695103917
"Mper.PacBio.PsGc_3.g1908",26.2692045386354,9.82674775582888,5.75831210354607,1.39941900319275,0.700401393709816,1.99802429829621,0.0457140258983069,0.383453442092485
"Mper.PacBio.PsGc_3.g1953",200.397789882271,363.483168228144,283.727995953156,-0.85659842500137,0.171375036180669,-4.99838508625209,5.78124427934442e-07,3.35312168201976e-05
"Mper.PacBio.PsGc_3.g1966",1.58570722915029,3.32630191840847,4.96130397816791,-0.722438982642694,0.786467076780947,-0.918587699309266,0.358311268305454,0.854593283618144
"Mper.PacBio.PsGc_3.g2081",1.00591004840169,0.886637488198482,2.59629234214653,0.292357076968074,1.23607650647076,0.236520211683992,0.813029025476284,1
"Mper.PacBio.PsGc_3.g2092",689.252224831198,515.703276166892,647.549791681038,0.418437165546235,0.136931579968695,3.0558120021831,0.00224451941641836,0.0459466327596229
"Mper.PacBio.PsGc_3.g2212",0,0.213384981551765,7.18468604969938,0.469918985059051,1.51610932978501,0.309950592498292,0.756598528712224,1
"Mper.PacBio.PsGc_3.g2223",3.94510579335272,5.602456568525,5.53649027561074,-0.500113829711425,0.590018293251016,-0.847624277809735,0.396647249242156,0.854593283618144
"Mper.PacBio.PsGc_3.g242",0,0.882597282257899,9.44923803727574,-1.5616410384211,1.5433273823793,-1.01186634556666,0.311601962532625,0.854593283618144
"Mper.PacBio.PsGc_3.g337",48.2179630670019,65.351446233004,49.3543932329707,-0.418469304751795,0.209876305034385,-1.99388542066831,0.0461645775849756,0.383453442092485
"Mper.PacBio.PsGc_3.g369",9.5800071308551,4.94449096591783,14.7476886784604,0.913812976605536,0.44775696198283,2.04086827049845,0.0412639223934902,0.36820115366499
"Mper.PacBio.PsGc_3.g403",0,0,6.11734521921605,0,1.5054526308772,0,1,1
"Mper.PacBio.PsGc_3.g481",12.0777328988908,14.9558032011403,22.8469808301174,-0.352494470226258,0.352734558428188,-0.999319351630869,0.317640013921678,0.854593283618144
"Mper.PacBio.PsGc_3.g615",101.592258890775,1.29905986658469,16.1605903077241,6.45835748200236,1.11588424884998,5.78765896969897,7.13741299560223e-09,8.27939907489858e-07
"Mper.PacBio.PsGc_3.g639",4.89034086484956,2.68914881228191,3.58770844930328,0.586973076715474,0.692690325351429,0.847381658488849,0.396782424432096,0.854593283618144
"Mper.PacBio.PsGc_3.g647",2.22765934466831,3.22227910488142,2.8024739976934,-0.530526738640627,1.20399210696253,-0.440639714805986,0.65947384646182,1
"Mper.PacBio.PsGc_3.g660",4.7275343798381,7.4061852516559,6.66434935986667,-0.561388812985181,0.571495145428561,-0.982315978492169,0.325944205100499,0.854593283618144
"Mper.PacBio.PsGc_3.g708",0.417183155978501,4.16089797450713,2.33470914634401,-2.66178772392472,1.06059044379607,-2.50972252248251,0.012082606238532,0.199654263942326
"Mper.PacBio.PsGc_3.g719",1.55590705748139,4.16442644734113,4.24320274018114,-1.44423413137859,0.841444311609604,-1.71637517950048,0.0860933963904192,0.525622841120454
"Mper.PacBio.PsGc_3.g750",0.895233749103229,0.867887510924383,2.65082544161556,0.0768246524921369,1.29549529582807,0.059301375110769,0.952712065864311,1
"Mper.PacBio.PsGc_3.g762",4.08899862526266,4.19393548582597,3.75924695779656,-0.0268788713671533,0.950752645070083,-0.0282711507630588,0.977445889755417,1
"Mper.PacBio.PsGc_3.g763",3.4359675309359,2.10854392782842,2.61445135125275,0.769504620524673,1.05722911410684,0.727850387637842,0.466705175990693,0.903485144494832
"Mper.PacBio.PsGc_3.g81",10.2261850994819,8.90225128697736,9.45124086332185,0.22248219741882,0.42859306073263,0.519098925770083,0.603691757412688,0.976014767936699
"Mper.PacBio.PsGc_3.g867",1.83920172679162,1.82470562730057,2.89510547937498,0.113242118165821,0.879485741581738,0.128759470235592,0.897547976561556,1
"Mper.PacBio.PsGc_3.g868",4.18074086764485,3.63102346394324,4.27850905094337,0.280096190707588,0.980436239386143,0.285685268919638,0.775119188384447,1
"Mper.PacBio.PsGc_3.g895",282.089925935698,273.605429234268,264.896156854057,0.039425348250151,0.125075487193305,0.315212429988131,0.752600368516339,1
"Mper.PacBio.PsGc_3.g923",5.78430752014434,6.71408792299041,5.84744538654034,-0.179406299820053,0.565940016680046,-0.317005856685126,0.751239158288914,1
"Mper.PacBio.PsGc_3.g953",4.35228460408955,1.18130024953653,3.14029885814402,2.01406384269951,0.840246417625055,2.39699188291957,0.0165302898985726,0.221251572488587
"Mper.PacBio.PsGc_3.g995",2105.90780439791,2110.89384226577,2125.08439337605,-0.00374950842455401,0.112733805330467,-0.0332598408575203,0.973467378381431,1
"Mper.PacBio.PsGc_4.g1176",0.923959287205049,1.90863796019806,2.3692832659247,-0.846400080088646,0.995761626552529,-0.850002709000753,0.395323580124587,0.854593283618144
"Mper.PacBio.PsGc_4.g1184",0,0,7.42506736798869,0,1.5124148705675,0,1,1
"Mper.PacBio.PsGc_4.g1187",0,0.349532389257835,2.46245016427619,-0.116719286865566,1.61631449992766,-0.0722132276056362,0.942432218550693,1
"Mper.PacBio.PsGc_4.g138",0.894159115536157,0,10.1157390523475,2.22383313891405,1.4244345129349,1.56120419627581,0.118475579229777,0.615365695103917
"Mper.PacBio.PsGc_4.g158",0.984826724351277,0.128578728931492,96.9808641833584,2.12661336343264,1.47486782879133,1.44190097710343,0.149330310532818,0.702256054938117
"Mper.PacBio.PsGc_4.g170",0,0,23.7308318330284,0,1.60212639812464,0,1,1
"Mper.PacBio.PsGc_4.g383",9.4561229894285,10.617023765604,8.58412769088859,-0.185196708865392,0.42784810014924,-0.432856214158231,0.665119231500355,1
"Mper.PacBio.PsGc_4.g557",1.25047483436843,2.74893256586506,2.64845812245387,-0.907149529707675,0.940135807286326,-0.964913284524429,0.334588246990514,0.854593283618144
"Mper.PacBio.PsGc_4.g564",3.07967221591838,3.21930136257105,3.75924119571598,0.0725228097056243,0.708077075599445,0.102422196968074,0.918421565686814,1
"Mper.PacBio.PsGc_4.g610",434.548143323799,323.001499414913,397.488984019052,0.427000877811085,0.139718387948364,3.05615376817039,0.0022419624559249,0.0459466327596229
"Mper.PacBio.PsGc_4.g625",12.4095285289153,14.8989993782831,4.64395845846638,-0.280110964870121,0.778634508036872,-0.359746404736606,0.719036786135863,1
"Mper.PacBio.PsGc_4.g669",0.244564785966736,2.02424940831474,2.60676769736317,-2.10174209050862,1.30874394137009,-1.60592307178771,0.108290813530409,0.607825856590036
"Mper.PacBio.PsGc_4.g694",0.661747941945237,2.06664158072345,2.36619780542236,-1.25832450429058,1.30392707676179,-0.965026746292853,0.334531415475134,0.854593283618144
"Mper.PacBio.PsGc_4.g697",2.73207334470458,5.34925516971165,4.80565079147352,-0.845132489408973,0.653802610695531,-1.29264165603423,0.196135025322168,0.759752131247733
"Mper.PacBio.PsGc_4.g707",0.172618370011764,0,24.9682982258448,1.6191361362501,1.54961635000941,1.04486257920566,0.296086487035365,0.854593283618144
"Mper.PacBio.PsGc_4.g772",8.24545267197064,7.6210074272714,3.06836451298934,0.112365285408628,0.851054615688261,0.132030639793612,0.894960056836911,1
"Mper.PacBio.PsGc_4.g811",49.9153804213882,50.6885002090476,46.7679429445909,-0.027365229329972,0.207196377511502,-0.132073879179924,0.894925856293001,1
"Mper.PacBio.PsGc_4.g830",8.41257809506515,6.4718138791697,9.27076124247586,0.518809433267235,0.462706730720392,1.12124894414113,0.262181911366488,0.834566547084469
"Mper.PacBio.PsGc_4.g832",1.71744644868441,2.1625449849523,2.52784313793324,-0.416148376978513,1.12718470749047,-0.369192710132674,0.711984089143637,1
"Mper.PacBio.PsGc_4.g842",8.12369739386343,7.5302908395043,2.94859699132329,0.107823703170921,0.778571952386425,0.138489066861999,0.889853909737655,1
"Mper.PacBio.PsGc_4.g889",0,0,2.91035118558331,0,1.62822764332377,0,1,1
"Mper.PacBio.PsGc_4.g892",2.22765934466831,5.29179322776875,4.2281713834872,-1.17724952021908,0.751254817135289,-1.5670442217039,0.117104355488012,0.615365695103917
"Mper.PacBio.PsGc_5.g1029",0.345236740023529,0,10.9030989705208,2.09754668110713,1.48621453097057,1.4113350646204,0.158145839946465,0.724141477649604
"Mper.PacBio.PsGc_5.g110",0,0,4.03596742560505,0,1.6759124043608,0,1,1
"Mper.PacBio.PsGc_5.g1113",3.61094803213793,5.24448692969667,3.09561425415319,-0.54080269010674,0.743390480520722,-0.7274813227739,0.466931152772336,0.903485144494832
"Mper.PacBio.PsGc_5.g1218",2.85724498375438,1.5702027225488,2.50141761376404,0.768939699817924,1.1220992750711,0.685268867827405,0.493174273268173,0.909804245402588
"Mper.PacBio.PsGc_5.g1298",119.192491306939,271.326611982357,156.438778728766,-1.17981871457415,0.265641038916608,-4.44140227498707,8.93745345930549e-06,0.000388779225479789
"Mper.PacBio.PsGc_5.g192",7.2373933564348,8.77983533386553,6.73111961216077,-0.383142809509588,0.527130185983059,-0.726846649457296,0.467319902324913,0.903485144494832
"Mper.PacBio.PsGc_5.g195",3.66966620215002,2.96505624741899,3.99552418618813,0.0118102059799068,0.742772173163578,0.0159001729017464,0.987314032064737,1
"Mper.PacBio.PsGc_5.g276",0,0,4.99047338814113,0,1.51974651665182,0,1,1
"Mper.PacBio.PsGc_5.g322",4.28926789980918,4.02164433125585,3.31949367040255,0.0474232963833814,0.671147203552445,0.0706600521202583,0.943668315119451,1
"Mper.PacBio.PsGc_5.g330",14.3130344576105,5.60468353542058,4.70195866125379,1.32635290237731,0.705771812939593,1.87929423938446,0.0602043278442441,0.445768214676531
"Mper.PacBio.PsGc_5.g359",3.7835664021497,5.08321262593699,4.28713694519252,-0.405252306900527,0.635402783595105,-0.63778805721878,0.523611654823963,0.918578989634204
"Mper.PacBio.PsGc_5.g401",0.417183155978501,2.87948582101928,4.62774874845073,-2.1653979703022,1.36329748849869,-1.58835323072942,0.112206486905868,0.615365695103917
"Mper.PacBio.PsGc_5.g404",6.68718348329898,6.05221060767751,2.75631815461438,0.176133155991123,0.878561244240854,0.200479086854458,0.841105912257876,1
"Mper.PacBio.PsGc_5.g495",2.56181710588309,2.73311518142742,2.49593953422323,-0.0154526690976736,0.799380144819232,-0.0193308142537967,0.984577202297946,1
"Mper.PacBio.PsGc_5.g502",7.62692560787855,10.2669564015686,8.67307879352923,-0.414302317457235,0.483072648571892,-0.857639774642669,0.391091404963286,0.854593283618144
"Mper.PacBio.PsGc_5.g513",2.31725231991635,3.45003576736887,4.42719238730753,-0.593043227611907,0.744791096509376,-0.796254453619723,0.425884152918335,0.867316200925207
"Mper.PacBio.PsGc_5.g558",0.977184510299874,0.897034362793033,7.61257453540538,-0.0720435180197519,1.25414168268379,-0.0574444809661243,0.954191130791479,1
"Mper.PacBio.PsGc_5.g595",5.50230034845731,5.6767668984611,4.5127502675706,-0.0759906276035542,0.585317044855248,-0.129828147448443,0.896702392936862,1
"Mper.PacBio.PsGc_5.g700",2.88489588828913,8.23824455002447,3.69589473972821,-1.5321521879717,0.970577911811937,-1.57859783261643,0.114428332122549,0.615365695103917
"Mper.PacBio.PsGc_5.g746",24.3046387125526,31.4083555074534,30.6715499290609,-0.388288310738921,0.285781452912326,-1.35868967976044,0.174244943746138,0.744655761535248
"Mper.PacBio.PsGc_5.g781",0,0,5.02887672208079,0,1.54432832950141,0,1,1
"Mper.PacBio.PsGc_5.g828",91.3482862236232,112.276430367376,79.9322572274819,-0.289694402790888,0.193897950051877,-1.49405603676254,0.135160973430759,0.660923539976194
"Mper.PacBio.PsGc_5.g874",354.872559076277,357.343268830716,468.358970540857,-0.0156894106834868,0.159781768111097,-0.0981927467004741,0.921779241926203,1
"Mper.PacBio.PsGc_5.g94",6.14296496635213,3.03611079531947,4.08437376970687,1.03895830899653,0.830465640234256,1.25105514143061,0.210914360243319,0.769393316250471
"Mper.PacBio.PsGc_5.g951",0.489129571933473,0.595592695512245,5.76402363042761,0.150689851107989,1.38161675592223,0.109067764604087,0.913148742443781,1
"Mper.PacBio.PsGc_6.g24",0,0.253628985028988,2.48587146905983,-0.0996049353284177,1.63302067067745,-0.0609942893662803,0.951363757015062,1
"Mper.PacBio.PsGc_6.g59",0.406104177169756,0,5.99533077739586,1.62850636473111,1.50472242253167,1.08226363902465,0.2791353978973,0.854593283618144
"Mper.PacBio.PsGc_7.g103",1.57462825034154,2.72280245372382,5.16996672751273,-0.557878695544503,0.862074591001016,-0.647135063912173,0.517544533576369,0.918578989634204
"Mper.PacBio.PsGc_7.g104",5.53974273417761,6.98612879489566,5.57830171074761,-0.29274062344456,0.546585852178816,-0.5355803160247,0.592248635767777,0.96761748942341
"Mper.PacBio.PsGc_7.g128",0,0.989493441078832,3.0750268502263,-1.76037587992066,1.36291737477203,-1.29162333132271,0.196487620150276,0.759752131247733
"Mper.PacBio.PsGc_7.g133",0.83329167838993,0.385736186794475,3.71591213570201,0.960490127582451,1.40468924695245,0.683774101400923,0.494117822934164,0.909804245402588
"Mper.PacBio.PsGc_7.g189",6.92537314902275,3.71278037117953,2.43819235688103,0.835891500032987,1.176809487663,0.710303161893238,0.477516159488159,0.909804245402588
"Mper.PacBio.PsGc_7.g239",0.895233749103229,2.64556487987812,3.35285912527858,-1.44326017946854,0.969912914713895,-1.48803068561498,0.136742801374385,0.660923539976194
"Mper.PacBio.PsGc_7.g310",8.21329036911148,6.43877636785086,2.65009997146671,0.344291732298114,0.809383862859667,0.425375088504585,0.670563263119302,1
"Mper.PacBio.PsGc_7.g340",3.23249475950293,3.3598511628339,5.53647738691606,-0.0113080672357127,0.820586065870707,-0.0137804767909554,0.989005118319924,1
"Mper.PacBio.PsGc_7.g379",45.630896508026,0.964470942041712,7.28290956809693,5.58183293315768,1.07033077388414,5.21505413966721,1.83763555596473e-07,1.59874293368931e-05
"Mper.PacBio.PsGc_7.g397",4.41102317791639,4.43744563598565,2.91637833001746,0.0502531519606525,0.945198901672865,0.0531667481539724,0.9575990492568,1
"Mper.PacBio.PsGc_7.g419",7.56369603954206,7.85882068554006,11.2298257371451,-0.035097237940482,0.467800989810186,-0.0750260018789679,0.940194023684153,1
"Mper.PacBio.PsGc_7.g423",25.0670790123694,23.2035076124012,24.1228301815887,0.105824897149274,0.286382910242028,0.369522388957635,0.711738388213154,1
"Mper.PacBio.PsGc_7.g431",226.494317375066,48.7388033334885,97.6040637879831,2.21392785537136,0.265966063923789,8.32409903244554,8.49725460250195e-17,1.47852230083534e-14
"Mper.PacBio.PsGc_7.g433",4.74967193364083,4.41187240642491,7.95129183931407,0.117720104047098,0.583245948548054,0.201836128206553,0.840044836525105,1
"Mper.PacBio.PsGc_7.g492",0.660673308378165,0.750490080492413,2.43792986887466,-0.21158158049678,1.36661335281895,-0.154821830227507,0.876961780686884,1
"Mper.PacBio.PsGc_7.g620",231.630051542676,174.494226937103,199.820538915413,0.399153952693637,0.164349411115775,2.42869110381208,0.0151534367391304,0.221251572488587
"Mper.PacBio.PsGc_7.g627",12.2492562315207,9.63879576991568,14.1156604178935,0.251825317339767,0.500491808025647,0.503155722634451,0.614854792209369,0.976014767936699
"Mper.PacBio.PsGc_7.g628",0,0,4.27664029298459,0,1.53578469086588,0,1,1
"Mper.PacBio.PsGc_7.g779",0.923959287205049,2.4035447795643,2.62830425812716,-1.01359184211255,1.03197263678388,-0.982188680187674,0.326006903255074,0.854593283618144
"Mper.PacBio.PsGc_7.g982",1.06677748554792,1.15368008754943,4.80561321437342,-0.38318524399065,1.29239116051575,-0.296493241131218,0.766853427856356,1
"Mper.PacBio.PsGc_7.g989",4.0025364657416,4.89686682757347,3.01131162265616,-0.357016152200735,0.948449550301237,-0.376420814462238,0.706604074270358,1
"Mper.PacBio.PsGc_7.g991",2.44879907920911,3.4097076170007,7.63817458269211,-0.225531084288906,0.911102678435939,-0.247536407944787,0.804493118527495,1
"Mper.PacBio.PsGc_9.g100",12.2227003643678,19.1055752644751,5.55815329720608,-0.65550581024495,0.626871248240653,-1.04567853779331,0.295709475048278,0.854593283618144
"Mper.PacBio.PsGc_9.g1003",47.0758342742716,59.5203654740292,44.979759348797,-0.342557533031707,0.300089200302377,-1.14151903063002,0.253653997178542,0.824968140356378
"Mper.PacBio.PsGc_9.g102",1.14980288031164,2.27857867035775,3.29105756747002,-0.860209029234122,1.12918391382629,-0.761797098507424,0.446181112383023,0.892362224766047
"Mper.PacBio.PsGc_9.g1020",3.51813115618867,4.3365891086764,4.10777808203394,-0.589899864470679,0.721429580092771,-0.817681837213857,0.413538884176127,0.858757170999084
"Mper.PacBio.PsGc_9.g1036",897.911200303884,447.198764960622,601.357780857721,1.00519212021373,0.196312865895599,5.12035783099567,3.04956447187936e-07,2.12249687242804e-05
"Mper.PacBio.PsGc_9.g1039",110.075131718453,87.1946234534513,103.741608950308,0.334458400258423,0.268457181038871,1.24585380418636,0.212818072399799,0.769393316250471
"Mper.PacBio.PsGc_9.g1040",13.0612721256188,8.00712770848492,9.30350960993194,0.750974716170627,0.42358754348975,1.77289140748493,0.0762467027520724,0.503339959643674
"Mper.PacBio.PsGc_9.g1062",1.06785211911499,2.45858805019284,3.56782850893331,-0.940398916892116,0.977946682938199,-0.961605508049506,0.336247803636589,0.854593283618144
"Mper.PacBio.PsGc_9.g1070",6.92174392402404,4.7538307679813,9.48172577337172,0.604351327388516,0.561667713154181,1.07599442381089,0.281929750254808,0.854593283618144
"Mper.PacBio.PsGc_9.g1094",1.8104761886898,3.10913452051583,3.0679675740227,-0.737283204820102,0.859321874644638,-0.857982586705356,0.390902078847207,0.854593283618144
"Mper.PacBio.PsGc_9.g1108",1.13872390150289,0.445519940377629,2.72753479610688,1.65286650562918,1.66185329595356,0.994592308270373,0.319934589981293,0.854593283618144
"Mper.PacBio.PsGc_9.g1164",18.3690294143178,29.2447629600696,19.1167114043166,-0.704083542004214,0.310697192189403,-2.2661406659092,0.0234427720879329,0.271936156220022
"Mper.PacBio.PsGc_9.g1174",3.29314933259303,2.29516391982437,4.92876347910717,0.575433716584252,1.06426281368185,0.540687609476387,0.588722920244459,0.966394227571094
"Mper.PacBio.PsGc_9.g1252",19.3872855353366,4.88868201867581,4.54711910262975,1.94624084409188,0.607146531888529,3.20555375328934,0.00134802865971008,0.0360856902753159
"Mper.PacBio.PsGc_9.g1258",2.29960576062328,2.33929858275178,3.52650953324334,0.0991304764153605,0.807290571566749,0.122794047034357,0.902270188363656,1
"Mper.PacBio.PsGc_9.g1301",5.95583085277428,5.11050959872494,5.84965820648931,0.106701523122087,0.595964839316964,0.179039963572982,0.857906322252458,1
"Mper.PacBio.PsGc_9.g1316",11.4034260202722,17.0249654928133,16.6286805092749,-0.536981356801571,0.37147047850675,-1.44555594016555,0.148301792146466,0.702256054938117
"Mper.PacBio.PsGc_9.g1337",185.284978450241,190.296104416049,305.41228149804,-0.0441049192052395,0.212292274313441,-0.207755648894318,0.835419764003024,1
"Mper.PacBio.PsGc_9.g134",14.9911210574108,15.1295315497742,5.07299577889553,-0.0244587913470948,0.716260453172285,-0.034147901421568,0.972759210927563,1
"Mper.PacBio.PsGc_9.g1368",0.894159115536157,0,7.67585958790281,2.23036184863871,1.44779210206544,1.54052632657469,0.123432110636513,0.631681977963333
"Mper.PacBio.PsGc_9.g1394",152.855329485723,198.906012771174,179.895226970633,-0.373671662244582,0.155162526032608,-2.40825972481303,0.0160287733446179,0.221251572488587
"Mper.PacBio.PsGc_9.g1397",6.01886796086941,3.01031877357606,4.63809419608216,1.07408282910995,0.773965076355516,1.38776653097533,0.165208149432508,0.737082512852727
"Mper.PacBio.PsGc_9.g1419",7.98087919552056,10.0367623204753,7.28716701366764,-0.296803391229069,0.46723874535209,-0.635228551102738,0.525279364762088,0.918578989634204
"Mper.PacBio.PsGc_9.g1500",0.894159115536157,1.49693995504424,5.03577346987401,-1.13663985113901,1.20230895227903,-0.945380843238714,0.344464478721735,0.854593283618144
"Mper.PacBio.PsGc_9.g1630",2.05504097465654,3.63267645864412,4.11875536528104,-0.658096587411135,0.773877878084921,-0.850388163362022,0.395109314752477,0.854593283618144
"Mper.PacBio.PsGc_9.g1655",0,0,2.28076511429499,0,1.61754371013074,0,1,1
"Mper.PacBio.PsGc_9.g1664",8.45021294102681,14.9906603432646,4.07340161795675,-0.836349793374414,0.584166286825958,-1.43169815211125,0.15223022549028,0.706348246274899
"Mper.PacBio.PsGc_9.g1808",10.2883400342514,15.4242038633841,11.8737172850019,-0.620608958557886,0.41055753991725,-1.51162479851904,0.130629339356887,0.658826233278215
"Mper.PacBio.PsGc_9.g1839",53.3503459999165,64.3172320923066,56.5403030096467,-0.270055802140313,0.20382833439891,-1.32491786746287,0.185198393992153,0.744655761535248
"Mper.PacBio.PsGc_9.g184",27.4485947265598,35.0815322897835,11.4610792101822,-0.365023006715893,0.619645022333871,-0.589084061937667,0.55580488443026,0.934847671896663
"Mper.PacBio.PsGc_9.g354",0,0.882597282257899,2.71724967077996,-1.57475958943929,1.34628700492129,-1.16970570441728,0.242119421745975,0.818034551141742
"Mper.PacBio.PsGc_9.g372",8.66497755532465,11.0898017520904,3.23825848864966,-0.390702579697774,0.847477094471943,-0.461018453768616,0.644785365500245,1
"Mper.PacBio.PsGc_9.g398",13.9354225506716,10.7639451357195,22.9195596213562,0.367960119357093,0.733559378990359,0.501609181063894,0.615942459934485,0.976014767936699
"Mper.PacBio.PsGc_9.g459",56.0206174568044,68.3384682702198,50.4183730671061,-0.29895435546253,0.223703707508148,-1.33638534109517,0.181423355149885,0.744655761535248
"Mper.PacBio.PsGc_9.g472",21.5857936137909,8.72629281093657,21.6296284306635,1.30728377711473,0.402168678338381,3.25058575549933,0.0011516752939697,0.0333985835251212
"Mper.PacBio.PsGc_9.g479",42.7467822613666,51.8373987499649,15.6384436830884,-0.27644108014988,0.452515967776666,-0.610897956834783,0.541267137555431,0.927886521523596
"Mper.PacBio.PsGc_9.g5",1.80047184344813,0.213384981551765,2.76336600250457,3.05467185707704,1.4394141329922,2.12216330732219,0.033824026648568,0.344302345722147
"Mper.PacBio.PsGc_9.g572",4.61342131578229,6.75588587307889,9.49917620299471,-0.536858665421672,0.546191231093942,-0.98291337330045,0.325650075331408,0.854593283618144
"Mper.PacBio.PsGc_9.g623",9.79792296469469,6.84553999721578,8.86258652271656,0.445609876895348,0.464578421284645,0.959170414465559,0.337472902197607,0.854593283618144
"Mper.PacBio.PsGc_9.g635",7.92892106623418,3.68931181875367,4.06235740350614,1.02288804469326,0.686689878392135,1.48959243012045,0.136331433620903,0.660923539976194
"Mper.PacBio.PsGc_9.g663",2.0439619958478,3.32655970800818,6.34904081445739,-0.764092651706378,0.845177511824614,-0.904061739712896,0.365962664580047,0.854593283618144
"Mper.PacBio.PsGc_9.g677",137.787081304763,168.522195418735,116.338804343313,-0.294443252784468,0.178379878212029,-1.65065284120489,0.0988094824538565,0.592856894723139
"Mper.PacBio.PsGc_9.g679",2.66463832707402,0.74687746076747,4.73614723746793,2.00501551348137,1.10337626631649,1.81716389475633,0.0691920215798389,0.481576470195679
"Mper.PacBio.PsGc_9.g7",8.63345268820511,8.06446570298983,3.46779541623473,0.184550602527487,1.00336427149046,0.183931805996384,0.854066952884005,1
"Mper.PacBio.PsGc_9.g771",1.00698468196877,2.89600348247094,2.63208936707716,-1.06791574261214,0.927289514685177,-1.15165299046297,0.24946369689768,0.824968140356378
"Mper.PacBio.PsGc_9.g784",77.9208456865423,54.5057858365588,65.2739589655722,0.505471954098854,0.209490963145456,2.41285803697361,0.0158279831770835,0.221251572488587
"Mper.PacBio.PsGc_9.g807",2.12591275704444,2.16666933778383,2.28760597477472,-0.193916553508372,0.851847877404179,-0.227642233610173,0.819924384154085,1
"Mper.PacBio.PsGc_9.g851",10.1576754482843,11.0238412935847,4.35888548525442,-0.10248819266379,0.672158377161754,-0.152476255814225,0.878811316569917,1
"Mper.PacBio.PsGc_9.g864",3.44833400736784,5.07221452241804,5.51083759089773,-0.60692472677166,0.701134815061594,-0.865631992212999,0.386692005577024,0.854593283618144
"Mper.PacBio.PsGc_9.g890",0,0,3.01228574991743,0,1.59403931464357,0,1,1
"Mper.PacBio.PsGc_9.g891",0.517855110035293,0.136147407706069,3.30603791737194,1.897792935109,1.48753898808999,1.27579374409929,0.202028439599518,0.769393316250471
"Mper.PacBio.PsGc_9.g922",20.2303482910974,2.1299538071406,8.21765433643165,3.2580792145336,0.718232503685536,4.53624585049424,5.72644222901017e-06,0.000284685985099363
"Mper.PacBio.PsGc_9.g932",1.00698468196877,2.03757887574575,4.43507250430063,-0.521889718732783,0.922725835870635,-0.565595649806809,0.571668685733306,0.947336679215193
"Mper.PacBio.PsGc_9.g934",4.20731713861253,4.00204453047733,2.51022457644658,0.0707393544707811,0.890299846054929,0.0794556516933472,0.936670204861787,1
"Mper.PacBio.PsGc_9.g969",9.4316233044355,4.31624169299444,5.96556509667184,1.20727496521742,0.569471683279474,2.11999121407577,0.0340067862386079,0.344302345722147
"Mper.PacBio.PsGc_9.g970",1696.21171264364,517.365095742238,937.663555806251,1.71238954686553,0.195391565683163,8.76388671577695,1.88631391901517e-18,6.56437243817278e-16
"Mper.PacBio.PsGc_9.g987",10.9013741514262,16.1440071586049,12.5231775162348,-0.473783771491439,0.407335199614809,-1.16312995277468,0.244776781114912,0.819060767576819
